id,label,text
1,0,"She wrote this on the lid.

Excuse me while I get all teary."
2,0,Not my video. Found this on insta. 
3,0,I checked out the recording to see how he moved to a different position and this is what I see ğŸ˜†
4,0,"It makes me happy that in the midst of the AI frenzy, there can still be work for fine artists thanks to those who value the craft. This painting was based on a black and white photo and the color was mostly based off of my own skin complexion, making it a self portrait of sorts. "
5,0,Cute â¤ï¸
6,0,credits: @damarismazzola
7,0,"So we had a plant barbecue the other day and someone brought in an inflatable goat they won as a prize at a bar. Everyone took pictures with him and named him Billy.

After the BBQ I saw him sitting deflated by an unused desk looking sad so I wrote ""Feed me"" on a sheet of paper and put it in front of him. A few days later someone cut up a post it note and wrote grass on it, someone else took a blue post it and wrote water.

Now Billy has a whole array of food from a picture of a sock to a decorative fall basket. He's doing very well.

Goat Milk?"
8,0,"Almost exactly two years ago, I gave some unsolicited advice to a random redditor who had a crush on his friend.  I couldn't post pics in the comment thread, so I sent these to him in a chat.   
I woke up to find this in my inbox today.   
Pass on the positive possum or the potato.  They work."
9,0,"Seattle, WA | OC   "
10,0,"I've never thought I'd have a little person to love and to cherish and raise. My family is my life, my son is my heart, and my wife is my soul. 

Seeing this picture my wife took of us looking at the boats made me want to cry. "
11,0,I hope Banta makes you smile ğŸ«¶ğŸ¼
12,0,It made me cry a little honestly. I'm so thankful that they have such an understanding employer. 
13,0,"Iâ€™ve been through a lot to get here.
There were times I didnâ€™t feel safe being myself, times I felt like I had to water down who I was just to be tolerated. Iâ€™ve been hurt by people who were supposed to love me, made to feel like I was too much or not enough.

But this Prideâ€¦ it felt different.
I felt seen. I felt like I belonged. For once, I didnâ€™t feel like I had to explain myself. I could just exist, and that was more than enough.

I smiled so much my cheeks hurt. I danced. I connected with strangers who felt like family. I felt joy without guilt.

And that meant everything.

It reminded me Iâ€™ve come a long way. Iâ€™m still healing, still figuring it all outâ€¦but Iâ€™m here. I made it. And Iâ€™m proud of that.

ğŸ³ï¸â€ğŸŒˆ
"
14,0,At least she knows why she loves me lol
15,0,"Our hearts have broken a million times for seeing all the atrocities committed against the Palestinians over the last 77 years, but especially during the last nearly two years.

Seeing this video made my heart honestly melt. Palestinian children deserve the world especially for what they went through, and this, I believe, is an organization that is helping them heal and cope.

This was the accompanying caption to the video:

""As part of our Education pillar, HEAL Palestine and our partners opened the doors to our Montessori Project in Egypt providing important education tools to displaced Gazan children while supporting physical and mental healing. The Project will serve children from birth to 18 years old. The students are taught by displaced Gazan teachers, who receive Montessori training, providing a source of income to displaced families. Learning environments for children aged a few months to 6 years old are the first to open."""
16,0,"All of these are prepaid and customized by patrons of the cafe.  I love reading through them, and sometimes even cashing in on one.  I heard theyâ€™ve gone through over 300 of them since they opened last year!"
17,0,I 
18,0,You don't have to be perfect to be amazing!
19,0,credits: @bboy.sponge
20,0,"I posted about our engagement here back in December and a lot of you saw it, so 6 months later, itâ€™s official and weâ€™re married :)"
21,0,(not my video) but I love this video because it reminds me of my Dad and how he was never too tired to play with us. RIP papa.
22,0,They were going to keep me for observation but decided I was okay enough to go home
23,0,Btw the grandma turned 101 in 2024
24,0,"Friday night some wild kittens appeared and I gave them a little food. This morning and tonight they came back.

They're pretty skittish, but this morning I managed to play with a couple with some grass and pet a couple of them. See if I can get them used to contact before they go feral. "
25,0,"Lewis Hamilton took Sir Frank Williams for an emotional high-speed lap around Silverstone in a Mercedes-AMG. Despite being wheelchair-bound, Sir Frank rode as a passenger, smiling throughout as Hamilton expertly navigated the circuit. The moment was a heartfelt tribute from one British racing legend to another, capturing their shared passion for motorsport."
26,0,About three days ago I was surfing YouSuckAtCooking on YouTube and my 15 year old son asked me what a crepe was. So
27,0,Their little hands though 
28,0,He loves sushi from sushiya at our grocery store so she made him California rolls filled with love ğŸ’œ theyâ€™re so cute I had to show them off! Sheâ€™s 11 and so creative! 
29,0,All Credit Goes to The Latest Kate 
30,0,God Bless the Enclave. God Bless America
31,0,Kids band Mad Carrot 
32,0,"24 years ago I met my son Jon. He was 16, and I was a counselor at the foster group home he lived in. He was a very troubled, but gentle soul who was severely abused by those who should have protected and nurtured him. 

I became his foster dad, and then legally adopted him. We've been through a lot together, but in the end it all came out right.

The music is AI-generated, but he wrote the lyrics himself."
33,0,"I have been infertile from a young age from a hernia surgery, but knew I always wanted children if by some miracle. When I got with my fiancÃ©, I knew that her children would always come first before me and would never try and change that. Never being able to have children, I knew I wanted to treat them the way I would treat my own. Compassion, understanding, let them know itâ€™s okay to make mistakes, just as long as we grow from them and to follow my own parents footsteps. Today, she surprised me with this. This is my first, but not the last. To many, many, many more. They may not be my kids by blood, but theyâ€™re my kids by choice. Happy Fatherâ€™s Day to those dadâ€™s out there, and to the moms doing double duty. "
34,0,"Eric Moussambani Malonga, known as ""Eric the Eel,"" became an Olympic sensation at the 2000 Sydney Games-not for speed, but for his determination. Representing Equatorial Guinea, he had never seen an Olympic-sized pool before and had trained alone in a small hotel pool for just eight months.

On September 19, 2000, during the men's 100m freestyle heats, both his competitors false-started, leaving him to swim alone. He finished with a time of 1:52.72-the slowest in Olympic history-but set a personal best and a national record!

Cheered on by over 17,000 spectators, his perseverance made him a symbol of the Olympic spirit and highlighted the challenges faced by athletes from developing nations. Since then, he has become head coach of Equatorial Guinea's national swim team, working to grow the sport in his country.

(Via: @olympics)"
35,0,Felt very cute and made me giggle.
36,0,"My wife and I had just finished visiting the Dr. King National Historical Park when the No Kings March came down the street. We stood in front of Dr. Kingâ€™s Ebenezer Baptist Church and watched it unfold. If he were alive today, I believe heâ€™d still be leading these marchesâ€”even at 96 years old."
37,0,Happy Fatherâ€™s Day to all my fellow buff cats ğŸ’ª 
38,0,I lost my sd card with pictures and videos of my pets. But a youtuber used a blurry version of this shot in his video and I was able to reverse search to my original post (from an account that no longer exists! I am so happy! 
39,0,Credit: @youn_hyuk (On IG)
40,0,"Weâ€™re right outside of the Serengeti desert and our Land Cruiser has broken down for the second time. Both times, other drivers have jumped in and helped. No questions asked, no remuneration requested. We hear that this happens all the time. A tire blows, the engine starter stops working, all manner of shenanigan when youâ€™re driving in Africa. The drivers help each other. It reminds me of that wonderful post where the guy blows a tire on the side of the road and a Mexican family stops to help him and wonâ€™t accept his $20 thank you."
41,0,"Happy Fatherâ€™s Day!  This article (gifted so no paywall) gave me a smile this morning (and maybe I had to reach for a tissue or two).  Itâ€™s on the surface a fun and funny article about dads texting their kids, and also about how much dads mean to their kids.  "
42,0,He loves the Chuck-it... probably too much! 
43,0,"THERES TWO living in our garden this is not a drill,  they can have all our veggies and veggie scraps forever "
44,0,The only shade of orange that ever mattered!! ğŸˆ 
45,0,"In addition to leaving notes on the front door for me to find upon my return home from my second job (working overnight), my wife will sometimes rearrange the poseable lamps we have. 

This was the recent arrangement of them :)"
46,0,"My daughterâ€™s girlfriend is in Ohio (normally Texas) for a Total Pancreatectomy with Islet Autotransplantation (TPIAT).  When she was moved from the ICU and could have visitors, airfare was unreal.  I mentioned it to my boss and he used his frequent flier miles to fly my daughter and I there to visit.  Great visit and great boss!  â¤ï¸ "
47,0,"My stepson is getting married today, and he gave me this embroidered handkerchief. I now know that is is possible smile while crying your eyes out... "
48,0,"In 2020 I had an app that allowed you to vent anonymously as well as encourage others anonymously; there were no accounts or usernames, everyone just chose from pre-set profile pictures and character names. I was having a really rough time and kind of posted out into the void that I felt insignificant and worthless. 

This was a reply I got. I think about it so so often, even now. 

We leave more impact on the world than we realize, even just in casual everyday interactions. Hell, I bet this user themselves doesnâ€™t even know how much they stirred my soul for the better. But they really did."
49,0,"Iâ€™ve been in her life since she was 10 and this is the first birthday that weâ€™ve been living under the same roof. I donâ€™t have bio children, and it fills a huge void in me to do stuff like this for her â¤ï¸"
50,0,ğŸ“½ï¸Credit: Wild Action Zoo [@wildactionzoo]
51,0,I let the kiddos sleep with me instead of their kennels last night. Woke to the best cuddles. Ellie on my stomach and Taylor on my feet. I love my furbabies. ğŸ’—ğŸ’—
52,0,"She is so generous, wise, kind, loving, forgiving, communicative, fun, intelligent, active, and really practices what she preaches (she is a Christian, but actually follows Jesus.) She loves my gay, polyamorous ass and considers me her best friend. We can roast my husband together, and we originally bonded over our love for him and conspiring to make him smile. We have so many memories, and helped put on each otherâ€™s weddings in the same year. She and I even went wedding dress shopping together. 

She has been through so much, and her default is still to love people first, and establish boundaries when she understands their needs. She gives amazing gifts, fantastic advice, strong encouragement, and loves my weirdness. 

I stayed the night at her house last night, and she brought out this 18â€x24â€ Lisa Frank sticker book for my kiddo to play with while we were chatting. I saw it and thought it was so cool, even said so. She says, â€œthen take it home!â€ 

It was originally purchased for the two 5-year-old grandchildren, so I refused until she told me she had two more. Then I happily accepted and spent 2 hours when I got home covering my phone case, journal, and water tumbler in stickers. 

I love her so much!"
53,0,A bee I saved on the way to work 
54,0,"Hi everyone, I don't want to boast or anything but I have been smiling everytime I watch all the videos I took during diving a few days ago. I wish I can share more videos because they're amazing!

I have been diving for 3 years but hasn't been able to dive for almost a year before this trip (due to money and time constraint). I'd say scuba diving is my passion and one of the only few reasons for me to keep going. 

I dove on the same site 3 years ago but I only saw 3 manta rays, this time I saw a Manta Rays Train passing by and these 2 mantas were circling around and swimming nearby for quite some time. 

I know manta rays are probably not that special for most divers who frequently dive but this still made me smile and it keeps me going hehe"
55,0,Small deeds really matter. when she pulled me aside to give me this she was damn near crying. I was damn near crying ğŸ˜­. Fr tho i felt good lol
56,0,"I live on a island, in a town in the middle of nowhere, my car, which I depend on, broke down. My father is a mechanic and took a plane ride to my house to fix it for me, saving me +500â‚¬ and spending an amazing day together "
57,0,"Can you tell he rewarded well behaving kids with candy? LMAO. Iâ€™m always just surprised because his students make so many little notes and crafts for him, they made some stuff like this when he got knee surgery. And these are MIDDLE SCHOOLERS!!! I stg middle schoolers were the evilest ppl on the planet when I was one so Iâ€™d say heâ€™s a pretty good teacher. I thought this was cute "
58,0,"Single Dad, fought tooth and nail to get primary custody of me when I was just a baby. Heâ€™s the man. Happy early Fatherâ€™s Day to all the great Dads out there. "
59,0,"He's kind of a workaholic with no hobbies. He got sick today and after the doctor's visit, felt restless. I was doing the housework and he wanted to help out.

So instead, I made him sit down and try his hand at an adult colouring book. At first he was resistant; he's always been a man's man, fascinated by arts and crafts but always hesitant to dip his fingers in he was brought up into thinking it wasn't a good enough hobby for men.

At first, he started on the first page and felt uninspired. I told him to flip through and find an image that spoke to him. Next, he started sesrching online for pictures to inspire him. I told him don't worry about that, you do you. Pick the colours that speak to you, who cares if it's not natural, who cares if it's wonky. Just have fun with it. I put on some Lofi and left him to it.

He's been at it for 3 hours now and is very pleased with his creation. And I'm very proud and happy for him."
60,0,"My dog has developed a fear of the vet ever since he had a bad experience at an urgent care about a year ago. We tried updating his vaccines today, and even while doped up on trazadone and gabapentin, he was still unfortunately very stressed out, and was unable to get his last shot.

The receptionist said we can schedule him for a â€œHappy Visitâ€ with the goal of getting him to associate *pawsitive* feelings with the vet, and that not every visit has to be scary. Heâ€™s going to get his own room to chill in and the vet, technicians, and receptionists will all stop by to give him some love!

Just thought itâ€™s pretty cute that thatâ€™s a thing they do. And itâ€™s free! ğŸ¶â¤ï¸ "
61,0,"My husband tasked himself with pressure washing our driveway today. After he got everything loaded in his trunk, he sent me this."
62,0,On vacation and mentioned it was our anniversary trip when we checked into the hotel. Found this in our room when we got back from dinner.
63,0,And it made me smile. 
64,0,"For most people this is basic, unremarkable, standard conversation. But for a small group of families a simple conversation this is ground breaking.  

For context. My son is 12 years old and was diagnosed with high functioning autism at around 3. He has always struggled with communication, conversation, and verbal comprehension and we were lead to believe that he would most likely never be able to read, do math, or live a basic standard life. 

He has always EXCELLED in building games like Minecraft (heâ€™s crazy good at this). Well we swapped to homeschooling after public school failed him as they told us â€œhe can catch a ball and he looks normal so we canâ€™t give him a 1-1 aide and he must be in a normal classroomâ€.

Yes those motherf***s said HE LOOKS NORMAL and are lucky they left the room with teeth still in their mouths.

Anyways! My wife was finally able to teach him to read! He loves the logic of using exclamation marks and question marks ğŸ˜Š and this new skill has caused him to want to venture into different puzzle games, such as Stray. When he gets stuck on something, he still comes to Daddy (I hope he never stops calling me that). Iâ€™m so grateful that he was born the way he was! He will never be able to understand that he taught me, his mom, and his sisters WAY MORE than we could ever teach him."
65,0,"I hope seeing this happy little boy can make someone smile today! I found him severely dehydrated, underweight and covered in ticks on the side of a busy road 5 years ago. It took 2 years before he learned to fully trust me. Now he's the happiest, most confident chunky boy ğŸ’–"
66,0,"I never thought about being a playwright but it's been a ton of fun. A friend encouraged me to apply to a local program and I got accepted! Seeing it brought to life has been a blast. 

Synopsis: Brewligan's Coffee has a PR crisis on its hands. They look to create a groundbreaking commercial to distract the public from their evil scandal. Enter Harold, a no name actor looking for his big break. As the commercial shoot progresses, hell on earth unfolds.

It's a comedy one act that satirizes commercials and corporations. Artwork by @mondubray"
67,0,"My step daughterâ€™s dad is â€œaroundâ€ but not a great dad. Very low effort. Opening this card and seeing â€œHereâ€™s to you, Dadâ€ almost took me out. Iâ€™ve seen the hurt in her eyes when she watches me with my daughters and Iâ€™ve done my best to be the dad I can be to her but she just wants her dad. I understand and I canâ€™t be upset by that, Iâ€™m not upset by it. I just keep trying. Keep being solid for her. After 6 years this was the best birthday present I could have asked for. Big win for me, big win "
68,0,She's the very best girl having the very best time â˜ºï¸
69,0,"I just got my grade back for my Calc 1 Final. Though, after being a 4.0 student for a few years I was really upset that I passed the class with a B instead of an A, I was literally crying tears because I let myself lose my 4.0 and thinking about how how I couldâ€™ve done better. I get so caught up in being a perfectionist, that despite my grade I felt like I had failed myself to be honest. But you know what? My sister reminded me of something, four years ago after high school, I failed this same class, with a 27%-F, and my professor dropped me from the class herself out of pity because there was no way she saw me passing, she let me know that in an email. I changed my major to art, and got two AAâ€™s in that because I didnâ€™t think I had what it takes to be an engineering student. After a meaningful journey of learning about myself, I went back to being an engineering student, absolutely terrified. Now, I didnâ€™t earn A, sure. I lost my 4.0 for one semester, sure. But now im still crying, but tears of joy, because I passed with a B, all on my own, using tutors, and never once cheating. I earned a B, but it was honest, and Iâ€™m damn proud of myself, and Iâ€™ve proved to myself that Iâ€™ve got the grit to do this shit. If youâ€™re reading this and you feel the same way, YOURE GRADES DO NOT DEFINE YOU! â™¥ï¸ğŸ™ğŸ¼"
70,0,(OC) They got out safely!
71,0,"250 km away from home for studiesâ€¦ today my grandma sent me this packet of â‚¹5 and â‚¹10 coins. I donâ€™t know why, but it made me emotional."
72,0,"After two months of waiting I finally picked up my two gerbils, I know itâ€™s nothing special but I genuinely am so happy.

Tula: white one sheâ€™s a Rex, so she has curly fur.

Evina: sheâ€™s the black and white one. More shy.

They both are so sweet and talkative :)"
73,0,"**\*Note\* Reposting this as it was removed for not being posted on a Wednesday** 

I was super overweight my entire life. Mocked and shunned as a kid, tortured by mean little children, and then tortured by my own mind.

I decided to drop some weight and become healthier and happier vs being tired, sad, overweight, and down on myself. ğŸ˜

Overall, this transformation took a little over two years and through that, I became vegan, I hyper focused on my diet, and I became super active. I also hopped on testosterone as my body's natural levels were borked from years of being sedentary and overweight.

It was finally time to come to terms with my past and for the first time, I began to accept who I was, who I am, and who I'm determined to become not just for myself, but for my family."
74,0,Rock hounds abound here in Nevada.
75,0,"The next thing I Know, he pulled up the grate and jumped down.  Unfortunately, I only started filming after he started.

I donâ€™t know the guys name, or his partner, I only know they were part of a landscape crew nearby.

Anyway, It gave me a morale boost and I hope it does for you too."
76,0,"Little dragonfly decided to land on me randomly and hang out. Watched a little Greys Anatomy together

My late aunt loved dragonflies, had tons in her garden and little dragonfly decorations around her house. She would have loved this one. Made me miss her just a little bit more today. "
77,0,"Went to one of those second hand stores, again, today. Am I love looking at their games section. 

So today I bought myself the original â€˜80s wheel of fortune game for â‚¬1,50 

And what a family game for â‚¬0,40. 

Sooo much fun to replay the games we played at other kids houses or our house prior to the divorce or the floodingâ€¦

As we Dutchies say â€œ gezellig!â€ "
78,0,"The first two pictures are how the park looked yesterday in 2025. The other pictures were from 2020 when I just couldn't take it any more and my Westies kept coming home covered in GA clay. So I asked permission from the city and began reseeding it.

For example, in the first picture, the original 2020 dirt patch was almost where the dog is with the owner in red. And the big dog side had the entire entrance just be dirt. It was so bad that during heavy rains the wood chips would floor towards the entrance and then needing to be redistributed."
79,0,Never
80,0,I found this in my fathers new house that used to belong to my grandparents. Get the word out you guys my mental health has never been better!
81,0,The full moon tonight was rather pleasant and the only thing not completely covered by the clouds 
82,0,and he even went to rome! ...i think he's still there actually. ğŸ¦
83,0,"Attacked by a dog at 5 weeks. Vet saved his life and I adopted him from the clinic. Best cat I have ever had, and I've had lots."
84,0,"id seen the posts about men's mental health and how many male suicides there are per day. ive struggled with mental health issues for years and after losing my dad last year started to take way more care of myself mentally. i decided to share a message at work just along the lines of men's mental health, don't feel bad crying or showing emotion or asking for help. we're a small team of developers so wasn't expecting world changing results.

got a few heart emojis etc to my post, then an hour later got the message I attached from one of the guys who is overseas. i know it could just be a thank you and nothing more, but it still hit me.

it's not much i know, compared to other posts here, but even the smallest actions can bring happiness.

for context this was the message i put out to the team:


[ğŸ‘‹ğŸ¼] Â hey everyone, kind of a different message from me but one i did want to share. Â  
it's got a bit of a backstory/context and then my actual message. Â  
as some of you know, and some of you heard me allude to in a previous session, i said i'd had a lot of struggles outside of work the past few years. namely being caring for my dad who was struggling with mental and physical health for a number of years, up until he passed away this time last year. Â 

i tried to shoulder a lot of the stress and mental effect it had on me, not wanting to burden others or feeling like talking about it wouldn't make a difference. Â  it did, and still has an impact on my mental health, it has made me look at things differently. Â 
my wife still asks at times now if i feel ok as shes concerned i might be holding things in rather than talking. Â  

so, to my point Â  9-15th of june is mens health week, and one often overlooked area is mens mental health. Â one of the statistics i saw is that 525,000 men a year commit suicide, that's 1400 every day. Â and the stigma around men showing emotion is still present today (albeit less than years ago). Â  
if you feel like you're struggling with anything, i think there are still the [internal team] within the business who are here to listen and point you in the right direction, but also look at help available outside of work. Â 
dont feel ashamed, afraid or worried about being vulnerable, feeling weak, asking for help, or even crying. Â  i know from experience that although people try their best not to bring their personal issues in to work, they're still on your mind, life still happens while you're at work.Â  
i'm not going to say do this or try that, as it affects everyone differently but just hope that if you are feeling your mental health is struggling that this message will give you the gentle nudge to not ignore it. "
85,0,"A few months ago, I reached out to my old professor, thanking him for the compassion he showed me when I didnâ€™t deserve anything from him. I was always a straight-A student, excelling in all my classes, but I was in an abusive relationship that had gotten to a point where I was too scared to leave my dorm room for days at a time. My grades slipped, and I no longer was able to attend my classes because my ex was stalking me. I was in the process of obtaining a restraining order against him, but I had been isolated from my friends and went through the process alone, leaving my mental health hanging on my a thread.

This was my favorite class, so I tried my best to get there, but when I showed up one day with red eyes and an apology ready for being missing for two weeks, my professor pulled me outside and gave me the first hug Iâ€™d had in weeks. I opened up to him about what I had been going through, and he listened when I felt like I had no one else. He sent me home and told me I was more important than my grades, to call him if I needed help, and that I could make up my work online.

I ended up dropping out of college because what I had endured there made it no longer a safe space for me. Feeling like a failure, I fully expected to fail this class, but he gave me an A. I didnâ€™t even take the final. This professor who I barely knew was my lifeline that year.

I think angels do walk among us."
86,0,My older son told me to go look. We are giving him a game night this weekend ğŸ˜Š
87,0,Starter PokÃ©mon 
88,0, 
89,0,"https://www.twitch.tv/videos/2479636218 for the whole 24-hour video

GameShowMarathon.com for more info â˜ºï¸"
90,0,Credit: @povinme
91,0,"Iâ€™ve been listening to the rain, sipping tea, and letting myself slow all the way down today. No pressure, just peace.
It made me realize how rare it is to actually rest.
This little moment of calm really made me smile. What small thing made you smile today?
"
92,0,"Nothing wild. Just stillness, blue socks, and the sound of rain hitting the windows.
Whatâ€™s your go-to cozy vibe?"
93,0,"This was about a decade ago from what I can tell. These two girls are me and my older sister. She suffers from bpd and is a narcissist now. I barely see her. Much of my childhood wasnâ€™t photographed due to 2 working parents and siblings much other than me having their own lives. I did pretty much nothing but keep to myself for 18 years. I can count on one hand the childhood photos I have of myself that I didnâ€™t take or werenâ€™t taken by my schools. Seeing this was a refresher for simpler times. A girl that Iâ€™ll never see again and a girl Iâ€™ll never forget. â€œLife has no limitations, except the ones you make. Shoot for the moon and if you miss you will still be among the stars.â€"
94,0,"(Posting a second time as I removed the first to edit the picture more)

My son goes to a tiny Christian school, like TINY.

His classmates consisted of 11 kids, all ranging from pre-k to 4th grade.

Itâ€™s been a really REALLY rough school year. More than half the high schoolers dropped out right before school started, which means they had to refund all the tuition money back to the parents. They had hired a new principal and had to let him go because they had no funds and had ONE teacher all year plus some volunteers. Like I said, it was rough.

But today, was a good day.

Today was graduation day, so all the pre-k and kindergartners did their walk and they gave out academic awards.

This is the one my son got.

His teacher stood there and explained he got this award for being kind and compassionate and caring all school year. And this was something his classmates voted on! This wasnâ€™t his teacher picking this award for him, his classmates voted!

I am so so proud of him!! I was in tears. Because not only am I so proud of him for being a kind human being, but it was also validation that I am doing a good job so far in raising a kind human being.

Yes, heâ€™s only 7, and has a lot to learn in life, but this is a great start. â¤ï¸"
95,0,Stopped at this rest stop (donâ€™t ask where cause i suck) and there were squirrels everywhere! I found some crackers and fed this little (fat) guy ğŸ˜… he was so cute! 
96,0,This made all of our days!
97,0,"Yes like Beaker from the muppets. He doesnâ€™t meow, he chirps and trolls just like Beaker. "
98,0,"I never imagined a bird could mean so much to me.
A few months ago, I was in a rough place mentally, and my fiancee surprised me with this little guy. I didnâ€™t think much of it at first, but he quickly became a part of everything I do.

He sits with me when I work, makes little noises when the room gets too quiet, and somehow always knows when I need a mood lift.

Now, I canâ€™t imagine a day without him. He doesnâ€™t talk much,but heâ€™s said more to my heart than most people ever could.

Do any of you have a pet that ended up helping you more than you expected?"
99,0,"I (24f) live with my cousin (30m). I have three cats (one adult cat and two 12 week kittens), and whenever I am home he will be â€œmeanâ€ to them in a very joking and lighthearted way. Heâ€™ll call them names (fatss, dumbss, etc.) but itâ€™s in that â€œbullying as a love languageâ€ type way and I have never been afraid of him actually mistreating my cats, especially because they clearly adore him. He plays and rough houses with them, he pets them, but he never gets all lovey dovey the way I do with themâ€¦. Or so I thought.

I live in a two story townhouse with my bedroom being on the second floor and I always keep my door open so that the cats can go in and out. Yesterday morning I had woken up but not gotten out of bed yet and my two kittens were playing on the landing just outside my bedroom door.

I hear my cousin start to walk up the stairs and I stayed as quiet as possible. I knew he thought I wasnâ€™t home because when I am home he always calls up to me to ask if he can come up (I have given him permission to go in my room when Iâ€™m not home to play with my cats).

My door was cracked open about a foot and I see his arm reach, he says â€œScoop!â€ And grabs a kitten. Then I hear about a minute straight of kissy sounds and baby talk.

Iâ€™m just quietly watching from my bed, trying not to let out a giggle, when he suddenly stops, slow turns, and makes stunned eye contact with me through the crack in my door. When he realized I saw/heard the whole thing he got embarrassed and said â€œohâ€¦ I uh.. I saw them running around up here and thought Iâ€™d come play with them.â€

I laughed and said it was totally fine, but he retreated back downstairs to put his tough guy persona back on.

The photo above is one he just sent me having a cuddle session with baby George

Tl;dr: my male roommate pretends to be indifferent about my cats, but secretly baby talks and loves on them when Iâ€™m not around"
100,0,Itâ€™s the little things. I really needed this today. 
101,0,"When I was in high school, an ex had my childhood teddy bear (cleverly named â€œBearâ€ as a peak example of toddler creativity) at their house when we broke up. Instead of returning him, they threw him in the trash. I was heartbroken to lose the teddy bear that I had slept with every night since toddlerhood. Itâ€™s been over 20 years since he was thrown out, and as silly as it seems, I never really could move past losing him. I have looked for a replacement over the years, but could never find him. After seeing people find replacement childhood toys and blankets on Reddit, I decided to look again recently. I finally figured out his brand, and found one on eBay! I know heâ€™s not my original, but that face still makes me smile. Welcome home, Bear. ğŸ» â¤ï¸ "
102,0,"I'm unable to locate the original uploader of this video. If you require proper attribution or wish for its removal, please feel free to get in touch with me. Your prompt cooperation is appreciated."
103,0,Credit - Alicewhite004 (tt)
104,0,"I (18F) have a semi broken back, POTS, and a load of other physical ailments. My depression is bad due do these as well as other life things. My back wasnâ€™t giving me too many problems today and I deep cleaned my bathroom. I feel so accomplished and I want to cry happy tears! I know itâ€™s a really small thing to be so happy about, but I havenâ€™t had many victories recently."
105,0,See also: December concerts just before Winter Break
106,0,Credit: @centralcatspot
107,0,"I have been away for a week, and yesterday she went to visit hrr family. She left this note before she left. ğŸ˜"
108,0,Chocolate. She snuggles and stalks me on the daily! Lol
109,0,This little guy kept me company for about 8 miles on a day I wasnâ€™t feeling too well
110,0,Our son was born with a heart condition.  I wonâ€™t get into it because itâ€™s very complicated.  Heâ€™s only seen the hospital since March 3rd.  Today he came home healthy to see his big sister for the first time.  
111,0,I have to clean the edges but itâ€™s so so cute 
112,0,This week I was able to give my next-door neighbor with a one year-old baby our collection of Melissa and Doug stamps that weâ€™ve had for 11 years since my kiddo was in diapers. They are like new and I love knowing who they went to in a good home.
113,0,"So Iâ€™m a newly 23M and well my life has somewhat been a struggle with loneliness not belonging  until the middle part of 22 when I made some truly wonderful exceptional human beings  someone who has helped me get through a lot of my demons and just purely helped me see the world in such a better light and just turned 23 thought I would just do it so lowkey like going on a hike with two of them and then they just invited the whole group and baked a cake for me, holy sh#t they are just the best friends ever and made the best birthday Iâ€™ve ever had  ğŸ’šğŸ’šğŸ’š, oh and if you guys see this pls know I love you all so much thank you for giving me back the will to live again  ğŸ’šğŸ’šğŸ’š"
114,0,"What a week!

My brothers & I went to some cool places & saw some awesome people this weekend. Jenn a manager from Costco in Enfield, CT recognized me from my Reddit posts about my book displays & asked to take a picture with me. How cool is that!

 Dad's childhood friend Kenny Noe's son (Kenny) played for the Norwich Sea Unicorns Vs the New Britain Bee's of the Futures league & signed a game ball for us!! We even got to see a #tripleplay !
He's gonna be in the MLB in a few years ! 


"
115,0,"Springer is not much of a barker at all other than playtime with his now passed on sister. First time I've seen him do this for a over a year.
For those wondering, he's always allowed puppy to be near him for snuggling up but has not initiated any play at all since we got the new dog."
116,0,"This is my grandmother, Joan Alexander. She was denied the opportunity to graduate from the University of Maine in the 1950â€™s. She had done all the coursework, but was forbidden from student teaching because she was pregnant. This year, my aunt (her daughter) reached out to the university. They agreed subsequent life experiences counted for the student teaching, and she graduated in May! ğŸ’™

If you search on her name with the word â€œMaineâ€, you will find several news articles detailing her story!"
117,0,Their service is unmatched 
118,0,"Winnie, the greyhound usually loves a fast walk but she went slow today and kept making sure he was okay. Dogs are just the best. â¤ï¸"
119,0,Never been so happy to see a queue.
120,0,"heâ€™s so lil, i wanted to let him in but meowğŸ¤­ğŸ˜ŒğŸ˜‚"
121,0,My bun napkin is turning 3!
122,0,Credit: IG @caroline.beckham
123,0,They don't know... I can't wait to get home and give it to them! They said they were perfectly fine waiting a few weeks for them to get back in stock. Their old model died after a bottle of water spilled all over it.
124,0,Went to a memorial service yesterday. The person wanted people to remember her with a party. Did not disappoint. 
125,0,"Sometimes I take a ride down by the water,it's so peaceful I can think and reflect and catch a break from everything! Hope every have a safe and blessed week going forward!ğŸ’¯ğŸ’ªğŸ¾ğŸ™ğŸ¾ğŸ’œğŸ˜Šâ™Šï¸"
126,0,"This is making me cry way more than it should, but Iâ€™m really proud of her. "
127,0,Music is in my soulğŸ¥°
128,0,"I know, youâ€™re thinking what could be funny. I recently was a part of my mommyâ€™s funeral. I went up several times, one particular time there was a bang, something metal fell. My family were looking at me saying omg what did you do?   Iâ€™m walking around her casket, looking for anything that may have bent or moved and I found nothing. I turn around and my brother lets me know he put the first bell of momâ€™s collection in her casket, when I leaned in on it, the bell fell to the bottom of her casket.  Everyone started laughing! Share your funny"
129,0,"My mom was hit by another driver a year ago. Sheâ€™s 71 and she broke a femur, an ankle, her pelvis, a patella, an elbow, her collarbone, fractured 3 vertebrae, fractured several ribs, and her right foot was essentially crushed. Her mobility will never be the same, but sheâ€™s finally starting to make some progress. Iâ€™m so happy to see her regaining some strength â™¥ï¸ "
130,0,So we made graduation gift boxes and I'm volunteering to paint faces during the party! 
131,0,"Brought a tear to my eye. Dude, I love lilies."
132,0,"Hey, my name is Notael :)

I am a nonbinary person, and a relative has gifted me a vegan hat :) !! They know how much being vegan means to me, and it made me so happy ğŸ¤—âœ¨ Sharing the joy I felt ğŸ˜Š!"
133,0,"Have seldom heard stories of really impossible outcomes to events that changed the course of a lot of things. Was wondering if miracles are true really. If you have one, please do share.

P.s- This photo is one I took a few months back because two different coloured flowers were growing from the same branch and it looked so miraculous haha"
134,0,"He cute and soft, really love the effort she put in this plushie!"
135,0,She said what she said.
136,0,"She's saying ""What's happening?"""
137,0,Itâ€™s a meat and dairy heavy dish and are pretty expensive in 2025 so I donâ€™t make it very often. I didnâ€™t realize how much he missed it! 
138,0,Eli Tomac with his kids after a motocross race and race winner Jett Lawrence pushing the camera back towards them.
139,0,"So this started just before Christmas. I came into work, and under my computer mouse was 2 gift cards. The next day, there were 2 more. These totalled $300. 

I assumed it was just for Christmas, but I've been getting them steadily, most recent was this week. 

At this point, I've gotten probably $1,000 in gift cards, all for groceries. 

Whoever is doing it does not want me to know it's them. 

I am really grateful - it has helped so much. 

"
140,0,Source in the comments
141,0,"Full article at Washington Post. Here's an excerpt:

Merrymanâ€™s quest began in 2008, he said, while on a lunch break at Lockheed Martin. He likes to get outside for lunch, so he walked along Deep Run, a creek behind his office in Hanover. Merryman had already started doing cleanups with the Patapsco Heritage Greenway, but this day, in particular, felt like an epiphany.

â€œI saw a washing machine, then I saw a motorcycle chassis â€” all kinds of stuff. It looked like people had been dumping there for decades,â€ he said. â€œI thought, â€˜Someone has to clean this stuff up.â€™â€

The dump behind Merrymanâ€™s office nagged him, and the second time he visited, he saw more trash but also spotted a bald eagle, his first in Maryland. Heâ€™s not saying the bird spoke to him that day, but it felt like something did.

â€œThat time I thought, â€˜Well Iâ€™ll be the one to clean it up then,â€™â€ he recalled.

Merryman had the trash bug before that epiphany, McMillion said. She saw how a submerged shopping cart, mired in muck in Catonsvilleâ€™s Bull Run, became a white whale for him.

â€œI had college kids trying to get this thing out, and they couldnâ€™t do it,â€ she said. â€œHe spent a lot of time on it. He was obsessed.â€

Merryman defeated the shopping cart, of course, she said, explaining there was one year when Merryman was responsible for 60 percent of her organizationâ€™s trash cleanup totals.

[https://www.washingtonpost.com/lifestyle/2025/06/04/trash-tires-garbage-clean-up-jon-merryman/](https://www.washingtonpost.com/lifestyle/2025/06/04/trash-tires-garbage-clean-up-jon-merryman/)"
142,0,"My son made a map in the hospital. I decided to turn it into a short D&D adventure we could play during visiting hours.

He told me someone dammed a river and now this house was slowly floodingâ€”so in the game I made a group of mischievous fish monsters responsible (they're trying to flood the house and take it as their own). He really liked it!

Itâ€™s a small thing, but being able to turn his imagination into something playable helped both of us feel a little more normal in a hard place."
143,0,"I was having a really tough day today, but then I opened a message from this incredibly kind person and it completely turned things around. The compliments they gave me were so thoughtful and uplifting; Iâ€™ve honestly never received anything like that before. It gave my self-image such a huge boost.

We truly need more people like this in the world kindness like that can make such a difference. Even when itâ€™s about something external, kind words can have a powerful impact.

I donâ€™t base my worth on what others think of me, but right now, this made me smile in a way I havenâ€™t all day. Iâ€™m not even feeling down anymore. Thank you so much, u/TutuBunBun. ğŸ’›
"
144,0,Courtesy - Nature is Amazing 'X' handle.
145,0,Lil Chibi the chihuahua and fat-bum Oscar the tuxedo having a rest together